Match_Id,Player_Id,Role_Id,.
335987,1,Captain,
335987,2,Player,
335987,3,Player,
335987,4,Player,
335987,5,Player,
335987,6,Captain,
335987,7,Player,
335987,8,Player,
335987,9,Player,
335987,10,Player,
335987,11,Keeper,
335987,12,Player,
335987,13,Player,
335987,14,Player,
335987,15,Player,
335987,16,Player,
335987,62,Keeper,
335987,63,Player,
335987,82,Player,
335987,83,Player,
335987,84,Player,
335987,106,Player,
335988,17,Player,
335988,18,Player,
335988,19,Player,
335988,20,CaptainKeeper,
335988,21,Player,
335988,22,Player,
335988,23,Player,
335988,24,Player,
335988,25,Player,
335988,26,Keeper,
335988,27,Captain,
335988,28,Player,
335988,29,Player,
335988,66,Player,
335988,67,Player,
335988,68,Player,
335988,77,Player,
335988,119,Player,
335988,120,Player,
335988,121,Player,
335988,435,Player,
335988,466,Player,
335989,30,Player,
335989,31,Player,
335989,32,Player,
335989,33,Player,
335989,34,Player,
335989,35,Player,
335989,36,Keeper,
335989,37,Player,
335989,38,Captain,
335989,39,Player,
335989,40,Player,
335989,41,Captain,
335989,42,Player,
335989,87,Player,
335989,88,Keeper,
335989,89,Player,
335989,90,Player,
335989,118,Player,
335989,126,Player,
335989,171,Player,
335989,175,Player,
335989,436,Player,
335990,6,Captain,
335990,8,Player,
335990,9,Player,
335990,11,Keeper,
335990,12,Player,
335990,14,Player,
335990,15,Player,
335990,16,Player,
335990,43,Keeper,
335990,44,Player,
335990,45,Player,
335990,46,Player,
335990,47,Player,
335990,48,Player,
335990,49,Player,
335990,50,Captain,
335990,51,Player,
335990,52,Player,
335990,72,Player,
335990,73,Player,
335990,80,Player,
335990,81,Player,
335991,1,Captain,
335991,2,Player,
335991,3,Player,
335991,4,Player,
335991,5,Player,
335991,53,Keeper,
335991,54,Player,
335991,55,Captain,
335991,56,Player,
335991,57,Player,
335991,58,Player,
335991,59,Player,
335991,60,Player,
335991,61,Player,
335991,62,Keeper,
335991,63,Player,
335991,82,Player,
335991,83,Player,
335991,84,Player,
335991,106,Player,
335991,131,Player,
335991,232,Player,
335992,24,Player,
335992,25,Player,
335992,26,Keeper,
335992,27,Captain,
335992,29,Player,
335992,31,Player,
335992,32,Player,
335992,33,Player,
335992,34,Player,
335992,35,Player,
335992,37,Player,
335992,38,Captain,
335992,39,Player,
335992,64,Player,
335992,65,Player,
335992,66,Player,
335992,67,Player,
335992,68,Player,
335992,69,Keeper,
335992,75,Player,
335992,77,Player,
335992,126,Player,
335993,40,Player,
335993,41,Captain,
335993,42,Player,
335993,53,Keeper,
335993,54,Player,
335993,55,Captain,
335993,56,Player,
335993,57,Player,
335993,59,Player,
335993,60,Player,
335993,61,Player,
335993,70,Player,
335993,86,Player,
335993,87,Player,
335993,88,Keeper,
335993,89,Player,
335993,90,Player,
335993,91,Player,
335993,117,Player,
335993,118,Player,
335993,131,Player,
335993,232,Player,
335994,17,Player,
335994,18,Player,
335994,19,Player,
335994,20,CaptainKeeper,
335994,21,Player,
335994,22,Player,
335994,23,Player,
335994,43,Keeper,
335994,44,Player,
335994,46,Player,
335994,48,Player,
335994,49,Player,
335994,50,Captain,
335994,71,Player,
335994,72,Player,
335994,73,Player,
335994,80,Player,
335994,119,Player,
335994,120,Player,
335994,121,Player,
335994,150,Player,
335994,435,Player,
335995,31,Player,
335995,32,Player,
335995,33,Player,
335995,35,Player,
335995,37,Player,
335995,38,Captain,
335995,39,Player,
335995,53,Keeper,
335995,55,Captain,
335995,56,Player,
335995,57,Player,
335995,59,Player,
335995,60,Player,
335995,61,Player,
335995,69,Keeper,
335995,70,Player,
335995,74,Player,
335995,75,Player,
335995,99,Player,
335995,126,Player,
335995,131,Player,
335995,232,Player,
335996,24,Player,
335996,26,Keeper,
335996,27,Captain,
335996,29,Player,
335996,43,Keeper,
335996,44,Player,
335996,46,Player,
335996,48,Player,
335996,49,Player,
335996,50,Captain,
335996,64,Player,
335996,65,Player,
335996,66,Player,
335996,67,Player,
335996,71,Player,
335996,72,Player,
335996,73,Player,
335996,76,Player,
335996,77,Player,
335996,78,Player,
335996,79,Player,
335996,80,Player,
335997,6,Captain,
335997,8,Player,
335997,9,Player,
335997,11,Keeper,
335997,14,Player,
335997,15,Player,
335997,16,Player,
335997,31,Player,
335997,32,Player,
335997,33,Player,
335997,35,Player,
335997,36,Keeper,
335997,37,Player,
335997,38,Captain,
335997,39,Player,
335997,51,Player,
335997,52,Player,
335997,74,Player,
335997,81,Player,
335997,102,Player,
335997,124,Player,
335997,126,Player,
335998,1,Captain,
335998,2,Keeper,
335998,3,Player,
335998,4,Player,
335998,5,Player,
335998,17,Player,
335998,18,Player,
335998,19,Player,
335998,20,CaptainKeeper,
335998,21,Player,
335998,22,Player,
335998,23,Player,
335998,62,Player,
335998,63,Player,
335998,82,Player,
335998,83,Player,
335998,84,Player,
335998,106,Player,
335998,119,Player,
335998,120,Player,
335998,121,Player,
335998,435,Player,
335999,43,Keeper,
335999,44,Player,
335999,46,Player,
335999,48,Player,
335999,49,Captain,
335999,53,Keeper,
335999,55,Captain,
335999,56,Player,
335999,57,Player,
335999,59,Player,
335999,61,Player,
335999,70,Player,
335999,71,Player,
335999,72,Player,
335999,73,Player,
335999,80,Player,
335999,85,Player,
335999,98,Player,
335999,99,Player,
335999,131,Player,
335999,148,Player,
335999,232,Player,
336000,24,Player,
336000,26,Keeper,
336000,27,Captain,
336000,28,Player,
336000,29,Player,
336000,40,Player,
336000,41,Captain,
336000,42,Player,
336000,64,Player,
336000,66,Player,
336000,67,Player,
336000,77,Player,
336000,78,Player,
336000,86,Player,
336000,87,Player,
336000,88,Keeper,
336000,89,Player,
336000,90,Player,
336000,91,Player,
336000,92,Player,
336000,117,Player,
336000,118,Player,
336001,6,Captain,
336001,7,Player,
336001,8,Player,
336001,9,Player,
336001,11,Keeper,
336001,12,Player,
336001,14,Player,
336001,15,Player,
336001,17,Player,
336001,18,Player,
336001,19,Player,
336001,20,CaptainKeeper,
336001,21,Player,
336001,22,Player,
336001,23,Player,
336001,52,Player,
336001,93,Player,
336001,94,Player,
336001,109,Player,
336001,119,Player,
336001,120,Player,
336001,435,Player,
336002,1,Captain,
336002,2,Keeper,
336002,3,Player,
336002,4,Player,
336002,5,Player,
336002,44,Player,
336002,46,Player,
336002,47,Keeper,
336002,48,Player,
336002,49,Captain,
336002,63,Player,
336002,71,Player,
336002,73,Player,
336002,80,Player,
336002,82,Player,
336002,83,Player,
336002,84,Player,
336002,85,Player,
336002,95,Player,
336002,96,Player,
336002,106,Player,
336002,149,Player,
336003,6,Captain,
336003,7,Player,
336003,8,Player,
336003,9,Player,
336003,11,Keeper,
336003,14,Player,
336003,15,Player,
336003,16,Player,
336003,40,Player,
336003,41,Captain,
336003,42,Player,
336003,52,Player,
336003,81,Player,
336003,86,Player,
336003,87,Player,
336003,88,Keeper,
336003,89,Player,
336003,91,Player,
336003,94,Player,
336003,117,Player,
336003,118,Player,
336003,175,Player,
336004,24,Player,
336004,26,Keeper,
336004,27,Captain,
336004,29,Player,
336004,53,Keeper,
336004,54,Player,
336004,55,Captain,
336004,57,Player,
336004,59,Player,
336004,61,Player,
336004,64,Player,
336004,67,Player,
336004,70,Player,
336004,76,Player,
336004,77,Player,
336004,78,Player,
336004,97,Player,
336004,98,Player,
336004,99,Player,
336004,100,Player,
336004,131,Player,
336004,437,Player,
336005,1,Captain,
336005,4,Player,
336005,31,Player,
336005,32,Player,
336005,33,Player,
336005,35,Player,
336005,36,Keeper,
336005,38,Captain,
336005,39,Player,
336005,62,Keeper,
336005,63,Player,
336005,74,Player,
336005,82,Player,
336005,84,Player,
336005,95,Player,
336005,101,Player,
336005,102,Player,
336005,103,Player,
336005,104,Player,
336005,105,Player,
336005,106,Player,
336005,126,Player,
336006,17,Player,
336006,20,CaptainKeeper,
336006,21,Player,
336006,23,Player,
336006,40,Player,
336006,41,Captain,
336006,42,Player,
336006,86,Player,
336006,88,Keeper,
336006,89,Player,
336006,91,Player,
336006,107,Player,
336006,108,Player,
336006,109,Player,
336006,110,Player,
336006,116,Player,
336006,117,Player,
336006,118,Player,
336006,119,Player,
336006,120,Player,
336006,121,Player,
336006,122,Player,
336007,6,Captain,
336007,7,Player,
336007,8,Player,
336007,9,Player,
336007,10,Player,
336007,12,Player,
336007,53,CaptainKeeper,
336007,54,Player,
336007,57,Player,
336007,59,Player,
336007,60,Player,
336007,61,Player,
336007,81,Player,
336007,94,Player,
336007,97,Player,
336007,111,Player,
336007,112,Player,
336007,113,Player,
336007,124,Player,
336007,132,Keeper,
336007,143,Player,
336007,232,Player,
336008,1,Captain,
336008,4,Player,
336008,5,Player,
336008,24,Player,
336008,25,Player,
336008,26,Keeper,
336008,27,Captain,
336008,29,Player,
336008,62,Keeper,
336008,63,Player,
336008,64,Player,
336008,67,Player,
336008,77,Player,
336008,78,Player,
336008,82,Player,
336008,84,Player,
336008,95,Player,
336008,100,Player,
336008,104,Player,
336008,105,Player,
336008,106,Player,
336008,437,Player,
336009,40,Player,
336009,41,Captain,
336009,42,Player,
336009,44,Player,
336009,45,Player,
336009,46,Player,
336009,48,Player,
336009,49,Captain,
336009,71,Player,
336009,73,Player,
336009,79,Player,
336009,80,Player,
336009,86,Player,
336009,88,Keeper,
336009,89,Player,
336009,91,Player,
336009,110,Player,
336009,114,Keeper,
336009,115,Player,
336009,116,Player,
336009,117,Player,
336009,118,Player,
336010,17,Player,
336010,20,CaptainKeeper,
336010,21,Player,
336010,23,Player,
336010,31,Player,
336010,32,Player,
336010,33,Player,
336010,35,Player,
336010,36,Keeper,
336010,38,Captain,
336010,39,Player,
336010,74,Player,
336010,101,Player,
336010,102,Player,
336010,107,Player,
336010,108,Player,
336010,109,Player,
336010,119,Player,
336010,120,Player,
336010,121,Player,
336010,122,Player,
336010,126,Player,
336011,6,Captain,
336011,7,Player,
336011,8,Player,
336011,9,Player,
336011,10,Player,
336011,14,Player,
336011,15,Player,
336011,25,Player,
336011,27,Captain,
336011,29,Player,
336011,64,Player,
336011,67,Player,
336011,76,Player,
336011,77,Player,
336011,78,Player,
336011,94,Player,
336011,100,Player,
336011,113,Player,
336011,123,Keeper,
336011,124,Player,
336011,134,Keeper,
336011,437,Player,
336012,17,Player,
336012,20,CaptainKeeper,
336012,21,Player,
336012,23,Player,
336012,53,CaptainKeeper,
336012,54,Player,
336012,57,Player,
336012,58,Player,
336012,59,Player,
336012,61,Player,
336012,70,Player,
336012,97,Player,
336012,107,Player,
336012,109,Player,
336012,119,Player,
336012,120,Player,
336012,121,Player,
336012,122,Player,
336012,125,Player,
336012,131,Player,
336012,143,Player,
336012,232,Player,
336013,31,Player,
336013,32,Player,
336013,33,Player,
336013,35,Player,
336013,36,Keeper,
336013,38,Captain,
336013,39,Player,
336013,44,Player,
336013,45,Player,
336013,46,Player,
336013,48,Player,
336013,49,Captain,
336013,71,Player,
336013,73,Player,
336013,74,Player,
336013,79,Player,
336013,80,Player,
336013,101,Player,
336013,102,Player,
336013,114,Keeper,
336013,115,Player,
336013,126,Player,
336014,20,CaptainKeeper,
336014,21,Player,
336014,23,Player,
336014,40,Player,
336014,41,Captain,
336014,42,Player,
336014,86,Player,
336014,87,Player,
336014,88,Keeper,
336014,91,Player,
336014,107,Player,
336014,108,Player,
336014,109,Player,
336014,110,Player,
336014,116,Player,
336014,117,Player,
336014,118,Player,
336014,120,Player,
336014,121,Player,
336014,127,Player,
336014,151,Player,
336014,435,Player,
336015,1,Captain,
336015,4,Player,
336015,6,Captain,
336015,8,Player,
336015,10,Player,
336015,11,Keeper,
336015,14,Player,
336015,15,Player,
336015,51,Player,
336015,62,Keeper,
336015,63,Player,
336015,81,Player,
336015,83,Player,
336015,84,Player,
336015,94,Player,
336015,104,Player,
336015,105,Player,
336015,106,Player,
336015,124,Player,
336015,128,Player,
336015,129,Player,
336015,130,Player,
336016,31,Player,
336016,32,Player,
336016,33,Player,
336016,35,Player,
336016,36,Keeper,
336016,38,Captain,
336016,39,Player,
336016,53,CaptainKeeper,
336016,54,Player,
336016,57,Player,
336016,58,Player,
336016,59,Player,
336016,61,Player,
336016,70,Player,
336016,74,Player,
336016,97,Player,
336016,102,Player,
336016,112,Player,
336016,126,Player,
336016,131,Player,
336016,138,Player,
336016,143,Player,
336017,6,Captain,
336017,8,Player,
336017,10,Player,
336017,11,Player,
336017,12,Player,
336017,14,Player,
336017,44,Player,
336017,46,Player,
336017,48,Player,
336017,49,Player,
336017,73,Player,
336017,80,Player,
336017,81,Player,
336017,94,Player,
336017,96,Player,
336017,113,Player,
336017,114,Keeper,
336017,124,Player,
336017,132,Keeper,
336017,133,Captain,
336017,147,Player,
336017,149,Player,
336018,20,CaptainKeeper,
336018,21,Player,
336018,23,Player,
336018,24,Player,
336018,25,Player,
336018,27,Captain,
336018,29,Player,
336018,64,Player,
336018,67,Player,
336018,76,Player,
336018,77,Player,
336018,78,Player,
336018,100,Player,
336018,107,Player,
336018,108,Player,
336018,109,Player,
336018,120,Player,
336018,121,Player,
336018,127,Player,
336018,134,Keeper,
336018,151,Player,
336018,435,Player,
336019,1,Captain,
336019,4,Player,
336019,53,CaptainKeeper,
336019,54,Player,
336019,57,Player,
336019,58,Player,
336019,59,Player,
336019,60,Player,
336019,61,Player,
336019,62,Keeper,
336019,63,Player,
336019,83,Player,
336019,84,Player,
336019,97,Player,
336019,103,Player,
336019,105,Player,
336019,106,Player,
336019,112,Player,
336019,128,Player,
336019,129,Player,
336019,131,Player,
336019,143,Player,
336020,31,Player,
336020,32,Player,
336020,33,Player,
336020,35,Player,
336020,36,Keeper,
336020,38,Captain,
336020,39,Player,
336020,40,Player,
336020,41,Captain,
336020,42,Player,
336020,74,Player,
336020,88,Keeper,
336020,90,Player,
336020,91,Player,
336020,110,Player,
336020,116,Player,
336020,118,Player,
336020,126,Player,
336020,135,Player,
336020,136,Player,
336020,137,Player,
336020,138,Player,
336021,6,Captain,
336021,8,Player,
336021,10,Player,
336021,11,Keeper,
336021,14,Player,
336021,15,Player,
336021,25,Player,
336021,27,Captain,
336021,29,Player,
336021,64,Player,
336021,67,Player,
336021,77,Player,
336021,78,Player,
336021,81,Player,
336021,92,Player,
336021,94,Player,
336021,100,Player,
336021,113,Player,
336021,124,Player,
336021,130,Player,
336021,134,Keeper,
336021,139,Player,
336022,1,Captain,
336022,4,Player,
336022,40,Player,
336022,41,Captain,
336022,42,Player,
336022,62,Keeper,
336022,63,Player,
336022,84,Player,
336022,87,Player,
336022,90,Player,
336022,91,Player,
336022,103,Player,
336022,106,Player,
336022,110,Keeper,
336022,116,Player,
336022,118,Player,
336022,128,Player,
336022,129,Player,
336022,135,Player,
336022,136,Player,
336022,140,Player,
336022,144,Player,
336023,20,CaptainKeeper,
336023,21,Player,
336023,23,Player,
336023,44,Player,
336023,45,Player,
336023,46,Player,
336023,48,Player,
336023,49,Player,
336023,71,Player,
336023,73,Player,
336023,80,Player,
336023,107,Player,
336023,108,Player,
336023,109,Player,
336023,114,Keeper,
336023,115,Player,
336023,119,Player,
336023,120,Player,
336023,121,Player,
336023,127,Player,
336023,133,Captain,
336023,151,Player,
336024,25,Player,
336024,26,Keeper,
336024,27,Captain,
336024,29,Player,
336024,31,Player,
336024,32,Captain,
336024,33,Player,
336024,36,Player,
336024,37,Player,
336024,39,Player,
336024,67,Player,
336024,68,Player,
336024,69,Keeper,
336024,75,Player,
336024,77,Player,
336024,78,Player,
336024,100,Player,
336024,126,Player,
336024,138,Player,
336024,139,Player,
336024,141,Player,
336024,153,Player,
336025,40,Player,
336025,41,Captain,
336025,42,Player,
336025,53,CaptainKeeper,
336025,54,Player,
336025,57,Player,
336025,58,Player,
336025,61,Player,
336025,70,Player,
336025,87,Player,
336025,88,Keeper,
336025,89,Player,
336025,90,Player,
336025,97,Player,
336025,112,Player,
336025,117,Player,
336025,118,Player,
336025,131,Player,
336025,135,Player,
336025,136,Player,
336025,142,Player,
336025,143,Player,
336026,1,Captain,
336026,4,Player,
336026,5,Player,
336026,44,Player,
336026,45,Player,
336026,46,Player,
336026,48,Player,
336026,49,Player,
336026,62,Keeper,
336026,63,Player,
336026,71,Player,
336026,73,Player,
336026,82,Player,
336026,84,Player,
336026,103,Player,
336026,106,Player,
336026,114,Keeper,
336026,115,Player,
336026,128,Player,
336026,133,Captain,
336026,144,Player,
336026,467,Player,
336027,25,Player,
336027,27,Captain,
336027,29,Player,
336027,40,Player,
336027,41,Captain,
336027,42,Player,
336027,64,Player,
336027,67,Player,
336027,77,Player,
336027,78,Player,
336027,86,Player,
336027,88,Keeper,
336027,89,Player,
336027,90,Player,
336027,100,Player,
336027,116,Player,
336027,118,Player,
336027,134,Keeper,
336027,135,Player,
336027,136,Player,
336027,139,Player,
336027,153,Player,
336028,6,Captain,
336028,8,Player,
336028,9,Player,
336028,10,Player,
336028,14,Player,
336028,15,Player,
336028,31,Player,
336028,32,Player,
336028,33,Player,
336028,35,Player,
336028,36,Keeper,
336028,38,Captain,
336028,39,Player,
336028,74,Player,
336028,101,Player,
336028,102,Player,
336028,113,Player,
336028,123,Keeper,
336028,124,Player,
336028,126,Player,
336028,130,Player,
336028,145,Player,
336029,44,Player,
336029,45,Player,
336029,46,Player,
336029,47,Player,
336029,48,Player,
336029,53,CaptainKeeper,
336029,54,Player,
336029,57,Player,
336029,61,Player,
336029,70,Player,
336029,71,Player,
336029,73,Player,
336029,98,Player,
336029,111,Player,
336029,112,Player,
336029,114,Keeper,
336029,115,Player,
336029,131,Player,
336029,133,Captain,
336029,143,Player,
336029,146,Player,
336029,149,Player,
336030,1,Captain,
336030,4,Player,
336030,5,Player,
336030,17,Player,
336030,20,CaptainKeeper,
336030,21,Player,
336030,23,Player,
336030,62,Keeper,
336030,63,Player,
336030,82,Player,
336030,84,Player,
336030,95,Player,
336030,103,Player,
336030,106,Player,
336030,107,Player,
336030,108,Player,
336030,109,Player,
336030,120,Player,
336030,121,Player,
336030,122,Player,
336030,144,Player,
336030,151,Player,
336031,6,Captain,
336031,9,Player,
336031,10,Player,
336031,12,Player,
336031,14,Player,
336031,15,Player,
336031,40,Player,
336031,41,Captain,
336031,42,Player,
336031,88,Keeper,
336031,89,Player,
336031,90,Player,
336031,91,Player,
336031,93,Player,
336031,94,Player,
336031,110,Player,
336031,113,Player,
336031,116,Player,
336031,118,Player,
336031,124,Player,
336031,132,Keeper,
336031,135,Player,
336032,1,Captain,
336032,4,Player,
336032,5,Player,
336032,31,Player,
336032,32,Player,
336032,33,Player,
336032,35,Player,
336032,36,Keeper,
336032,38,Captain,
336032,39,Player,
336032,62,Keeper,
336032,63,Player,
336032,74,Player,
336032,82,Player,
336032,84,Player,
336032,95,Player,
336032,101,Player,
336032,102,Player,
336032,103,Player,
336032,105,Player,
336032,106,Player,
336032,126,Player,
336033,25,Player,
336033,27,Captain,
336033,29,Player,
336033,44,Player,
336033,46,Player,
336033,47,Keeper,
336033,48,Player,
336033,49,Player,
336033,64,Player,
336033,67,Player,
336033,73,Player,
336033,77,Player,
336033,78,Player,
336033,92,Player,
336033,100,Player,
336033,133,Captain,
336033,134,Keeper,
336033,139,Player,
336033,147,Player,
336033,148,Player,
336033,149,Player,
336033,150,Player,
336034,6,Captain,
336034,8,Player,
336034,9,Player,
336034,11,Keeper,
336034,12,Player,
336034,14,Player,
336034,17,Keeper,
336034,20,Captain,
336034,21,Player,
336034,23,Player,
336034,81,Player,
336034,94,Player,
336034,107,Player,
336034,108,Player,
336034,109,Player,
336034,113,Player,
336034,120,Player,
336034,121,Player,
336034,122,Player,
336034,124,Player,
336034,132,Player,
336034,151,Player,
336036,26,Keeper,
336036,27,Captain,
336036,53,CaptainKeeper,
336036,54,Player,
336036,57,Player,
336036,58,Player,
336036,59,Player,
336036,61,Player,
336036,64,Player,
336036,67,Player,
336036,77,Player,
336036,78,Player,
336036,92,Player,
336036,97,Player,
336036,100,Player,
336036,111,Player,
336036,112,Player,
336036,131,Player,
336036,139,Player,
336036,143,Player,
336036,153,Player,
336036,437,Player,
336037,40,Player,
336037,41,Captain,
336037,42,Player,
336037,44,Player,
336037,46,Player,
336037,47,Keeper,
336037,48,Player,
336037,49,Player,
336037,73,Player,
336037,80,Player,
336037,87,Player,
336037,88,Keeper,
336037,90,Player,
336037,91,Player,
336037,118,Player,
336037,133,Captain,
336037,135,Player,
336037,136,Player,
336037,147,Player,
336037,148,Player,
336037,436,Player,
336037,438,Player,
336038,17,Keeper,
336038,20,Captain,
336038,21,Player,
336038,23,Player,
336038,30,Player,
336038,31,Player,
336038,33,Player,
336038,37,Player,
336038,38,Captain,
336038,69,Keeper,
336038,74,Player,
336038,75,Player,
336038,101,Player,
336038,102,Player,
336038,107,Player,
336038,109,Player,
336038,120,Player,
336038,121,Player,
336038,122,Player,
336038,126,Player,
336038,151,Player,
336038,152,Player,
336039,6,Captain,
336039,7,Player,
336039,8,Player,
336039,9,Player,
336039,11,Keeper,
336039,14,Player,
336039,15,Player,
336039,53,Keeper,
336039,55,Captain,
336039,57,Player,
336039,58,Player,
336039,59,Player,
336039,61,Player,
336039,70,Player,
336039,93,Player,
336039,94,Player,
336039,97,Player,
336039,113,Player,
336039,124,Player,
336039,131,Player,
336039,143,Player,
336039,232,Player,
336040,1,Captain,
336040,4,Player,
336040,25,Player,
336040,26,Keeper,
336040,27,Captain,
336040,29,Player,
336040,62,Keeper,
336040,63,Player,
336040,64,Player,
336040,67,Player,
336040,77,Player,
336040,78,Player,
336040,84,Player,
336040,92,Player,
336040,95,Player,
336040,100,Player,
336040,103,Player,
336040,105,Player,
336040,106,Player,
336040,128,Player,
336040,153,Player,
336040,174,Player,
336041,31,Player,
336041,32,Player,
336041,33,Player,
336041,35,Player,
336041,38,Captain,
336041,39,Player,
336041,44,Player,
336041,46,Player,
336041,48,Player,
336041,49,Player,
336041,69,Keeper,
336041,73,Player,
336041,75,Player,
336041,96,Player,
336041,101,Player,
336041,102,Player,
336041,114,Keeper,
336041,115,Player,
336041,133,Captain,
336041,138,Player,
336041,147,Player,
336041,149,Player,
336042,17,Keeper,
336042,20,Captain,
336042,21,Player,
336042,23,Player,
336042,53,CaptainKeeper,
336042,54,Player,
336042,58,Player,
336042,61,Player,
336042,70,Player,
336042,97,Player,
336042,107,Player,
336042,109,Player,
336042,112,Player,
336042,120,Player,
336042,121,Player,
336042,122,Player,
336042,131,Player,
336042,142,Player,
336042,143,Player,
336042,151,Player,
336042,152,Player,
336042,232,Player,
336043,31,Player,
336043,32,Player,
336043,33,Player,
336043,35,Player,
336043,36,Keeper,
336043,38,Captain,
336043,39,Player,
336043,40,Player,
336043,41,Captain,
336043,42,Player,
336043,74,Player,
336043,87,Player,
336043,88,Keeper,
336043,90,Player,
336043,91,Player,
336043,101,Player,
336043,102,Player,
336043,117,Player,
336043,118,Player,
336043,126,Player,
336043,135,Player,
336043,136,Player,
336044,17,Keeper,
336044,20,Captain,
336044,21,Player,
336044,23,Player,
336044,25,Player,
336044,26,Keeper,
336044,27,Captain,
336044,29,Player,
336044,64,Player,
336044,67,Player,
336044,68,Player,
336044,77,Player,
336044,78,Player,
336044,100,Player,
336044,108,Player,
336044,109,Player,
336044,120,Player,
336044,121,Player,
336044,122,Player,
336044,127,Player,
336044,151,Player,
336044,153,Player,
336045,17,Keeper,
336045,20,Captain,
336045,21,Player,
336045,23,Player,
336045,31,Player,
336045,32,Player,
336045,33,Player,
336045,35,Player,
336045,38,Captain,
336045,39,Player,
336045,69,Keeper,
336045,101,Player,
336045,102,Player,
336045,108,Player,
336045,109,Player,
336045,120,Player,
336045,121,Player,
336045,122,Player,
336045,126,Player,
336045,127,Player,
336045,138,Player,
336045,151,Player,
